Time,Highway,Speed
12:06 AM EDT,ROUTE_25,71.55
12:06 AM EDT,ROUTE_9,26.625
12:06 AM EDT,I_95,62.9
12:06 AM EDT,I_90,60.726925
12:06 AM EDT,ROUTE_3,67.53
12:06 AM EDT,I_93,60.92307
12:06 AM EDT,I_495,69.73333
12:06 AM EDT,ROUTE_6,53.399998
12:07 AM EDT,ROUTE_25,71.55
12:07 AM EDT,ROUTE_9,26.625
12:07 AM EDT,I_95,62.9
12:07 AM EDT,I_90,60.861538
12:07 AM EDT,ROUTE_3,67.659996
12:07 AM EDT,I_93,60.93589
12:07 AM EDT,I_495,69.73333
12:07 AM EDT,ROUTE_6,53.399998
